Algorithm, Run Number, Matrix size, Time, PAPI_L1_DCM, PAPI_L2_DCM,
1,0,600,1.27163,277464582,12639222,
1,1,600,1.28291,277587178,12932707,
1,2,600,1.26936,277629248,11721316,
1,3,600,1.28166,277645199,13245095,
1,4,600,1.26916,277648859,11642139,
1,5,600,1.26503,277581348,10947156,
1,6,600,1.27841,277618605,13181926,
1,7,600,1.26949,277622846,11430010,
1,8,600,1.31738,277576837,14562104,
1,9,600,1.36111,277605628,16996908,
